sample_id,frame_idx,gshi_pred
S01_clean,0,0.4319859743118286
S01_clean,18,0.24955227971076965
S01_clean,36,0.36962243914604187
S01_clean,54,0.14876949787139893
S01_clean,73,0.15620394051074982
S01_clean,91,0.1833079755306244
S01_clean,109,0.1296393871307373
S01_clean,127,0.10675109922885895
S01_motion_blur_s1,0,0.26272282004356384
S01_motion_blur_s1,18,0.3251000940799713
S01_motion_blur_s1,36,0.3869408369064331
S01_motion_blur_s1,54,0.2759876847267151
S01_motion_blur_s1,73,0.3046385645866394
S01_motion_blur_s1,91,0.49556997418403625
S01_motion_blur_s1,109,0.27898260951042175
S01_motion_blur_s1,127,0.21666710078716278
S01_motion_blur_s2,0,0.2715965509414673
S01_motion_blur_s2,18,0.3507135808467865
S01_motion_blur_s2,36,0.3917222321033478
S01_motion_blur_s2,54,0.40745553374290466
S01_motion_blur_s2,73,0.48114150762557983
S01_motion_blur_s2,91,0.4115886390209198
S01_motion_blur_s2,109,0.2618158459663391
S01_motion_blur_s2,127,0.2797982096672058
S01_motion_blur_s5,0,0.031851354986429214
S01_motion_blur_s5,18,0.09519915282726288
S01_motion_blur_s5,36,0.07754920423030853
S01_motion_blur_s5,54,0.07657331973314285
S01_motion_blur_s5,73,0.043911002576351166
S01_motion_blur_s5,91,0.05427194759249687
S01_motion_blur_s5,109,0.03824218362569809
S01_motion_blur_s5,127,0.0619441382586956
