sample_id,time_of_day,corruption,severity_value,param,gshi_gt,gshi_pred_f54,gshi_pred_tb8,gshi_pred_author,top1_issue,top1_prob,sev_pred_dung_loai,B,S_pct,H_bit
S01_clean,day,clean,0.0,-,1.0,0.1488,0.222,0.2219,compression,1.0,,3544.1,1.7,7.52
S01_motion_blur_s1,day,motion_blur,0.08,ksize=11px,0.8966,0.276,0.3183,0.3185,compression,1.0,0.079,292.7,1.1,7.41
S01_motion_blur_s2,day,motion_blur,0.18,ksize=13px,0.7712,0.4075,0.357,0.3573,compression,1.0,0.069,199.5,0.9,7.4
S01_motion_blur_s3,day,motion_blur,0.35,ksize=19px,0.569,0.296,0.2211,0.2211,compression,1.0,0.143,81.8,0.7,7.38
S01_motion_blur_s4,day,motion_blur,0.55,ksize=27px,0.3516,0.227,0.1143,0.1143,compression,1.0,0.297,25.8,0.5,7.4
S01_motion_blur_s5,day,motion_blur,0.75,ksize=33px,0.1629,0.0766,0.0599,0.06,compression,1.0,0.405,14.3,0.5,7.38
S01_underexposure_s1,day,underexposure,0.08,delta_ev=-0.16,0.9349,0.1569,0.2201,0.2196,compression,1.0,0.331,2796.9,0.1,7.36
S01_underexposure_s2,day,underexposure,0.18,delta_ev=-0.36,0.8519,0.1451,0.2059,0.2053,exposure_shift,1.0,0.489,2079.6,0.2,7.15
S01_underexposure_s3,day,underexposure,0.35,delta_ev=-0.7,0.7062,0.0766,0.1167,0.1162,exposure_shift,1.0,0.791,1240.0,0.4,6.82
S01_underexposure_s4,day,underexposure,0.55,delta_ev=-1.1,0.5248,0.0223,0.0311,0.031,exposure_shift,1.0,0.928,663.9,0.9,6.39
S01_underexposure_s5,day,underexposure,0.75,delta_ev=-1.5,0.3265,0.0112,0.0138,0.0137,exposure_shift,1.0,0.953,345.1,1.8,5.98
S06_clean,night,clean,0.0,-,1.0,0.2794,0.3048,0.3047,vignetting,0.999,,86.3,49.7,4.55
S06_motion_blur_s1,night,motion_blur,0.08,ksize=11px,0.8966,0.1672,0.1539,0.1538,compression,0.984,0.221,18.5,49.4,4.58
S06_motion_blur_s2,night,motion_blur,0.18,ksize=13px,0.7712,0.0923,0.1247,0.1247,compression,0.988,0.251,6.3,49.3,4.59
S06_motion_blur_s3,night,motion_blur,0.35,ksize=19px,0.569,0.0766,0.0829,0.0829,compression,0.988,0.297,5.8,49.0,4.59
S06_motion_blur_s4,night,motion_blur,0.55,ksize=27px,0.3516,0.0784,0.057,0.057,glare_flare,0.996,0.323,5.4,49.0,4.59
S06_motion_blur_s5,night,motion_blur,0.75,ksize=33px,0.1629,0.0629,0.0455,0.0455,glare_flare,0.99,0.326,2.9,48.6,4.61
S06_underexposure_s1,night,underexposure,0.08,delta_ev=-0.16,0.9349,0.3127,0.2992,0.2991,vignetting,1.0,0.288,68.6,53.5,4.41
S06_underexposure_s2,night,underexposure,0.18,delta_ev=-0.36,0.8519,0.3286,0.2997,0.2996,vignetting,1.0,0.378,52.2,58.6,4.24
S06_underexposure_s3,night,underexposure,0.35,delta_ev=-0.7,0.7062,0.2603,0.2304,0.2303,vignetting,0.999,0.546,32.0,66.6,3.86
S06_underexposure_s4,night,underexposure,0.55,delta_ev=-1.1,0.5248,0.1479,0.1631,0.1631,exposure_shift,1.0,0.719,17.7,73.2,3.47
S06_underexposure_s5,night,underexposure,0.75,delta_ev=-1.5,0.3265,0.11,0.1144,0.1145,exposure_shift,1.0,0.833,9.8,86.5,3.06
S07_clean,night,clean,0.0,-,1.0,0.2594,0.1813,0.1814,vignetting,1.0,,25.8,52.6,4.54
S08_clean,night,clean,0.0,-,1.0,0.1066,0.149,0.1491,vignetting,0.992,,10.0,55.5,4.02
